step,O2,IFN,IL2,IL10,TGFB,CCL2,ARGI,NO,IL12,VEGFA
0,0.0,1.04427e-08,0.0,3.20056e-05,0.000118663,0.00011341,4.61861e-05,8.84483e-06,2.28964e-08,3.24595e-05
1,7.91788e-06,1.1277e-08,0.000120153,3.19978e-05,0.0,0.0,4.6188e-05,8.90071e-06,2.43871e-08,3.24676e-05
2,0.0,1.20466e-08,0.0,3.19922e-05,0.00011466,0.000113724,4.61867e-05,8.95529e-06,2.57229e-08,3.24792e-05
3,7.9177e-06,1.27462e-08,0.000116747,3.19866e-05,0.0,0.0,4.61879e-05,9.00861e-06,2.69114e-08,3.24784e-05
4,0.0,1.33936e-08,0.0,3.19757e-05,0.00011301,0.00011571,4.61871e-05,9.0607e-06,2.79625e-08,3.25734e-05
5,7.91754e-06,1.40062e-08,0.000114899,3.19571e-05,0.0,0.0,4.61878e-05,9.11159e-06,2.88872e-08,3.25432e-05
6,0.0,1.42049e-08,0.0,3.19468e-05,0.000113193,0.000115088,4.61873e-05,9.1613e-06,2.91688e-08,3.2546e-05
7,7.91744e-06,1.43984e-08,0.000113153,3.19407e-05,0.0,0.0,4.61888e-05,9.2091e-06,2.94257e-08,3.2591e-05
8,0.0,1.45875e-08,0.0,3.19369e-05,0.000111347,0.000115859,4.61852e-05,9.2546e-06,2.96675e-08,3.26051e-05
9,7.91741e-06,1.47725e-08,0.000112378,3.19278e-05,0.0,0.0,4.61879e-05,9.29843e-06,2.98975e-08,3.26065e-05
10,0.0,1.49533e-08,0.0,3.1917e-05,0.000111228,0.000116887,4.61859e-05,9.34098e-06,3.01171e-08,3.26532e-05
11,7.91723e-06,1.51303e-08,0.000109697,3.19084e-05,0.0,0.0,4.61877e-05,9.38246e-06,3.03272e-08,3.26479e-05
12,0.0,1.53035e-08,0.0,3.19036e-05,0.000110372,0.000117026,4.61865e-05,9.42296e-06,3.05285e-08,3.26717e-05
13,7.91702e-06,1.54744e-08,0.000107345,3.19013e-05,0.0,0.0,4.61876e-05,9.4625e-06,3.07225e-08,3.26574e-05
14,0.0,1.56427e-08,0.0,3.19002e-05,0.000106854,0.00011845,4.61869e-05,9.50113e-06,3.09123e-08,3.27604e-05
15,7.917e-06,1.58125e-08,0.000107137,3.18993e-05,0.0,0.0,4.61876e-05,9.52423e-06,3.11022e-08,3.27487e-05
16,0.0,1.59894e-08,0.0,3.18983e-05,0.000104316,0.000117957,4.61874e-05,9.5537e-06,3.12967e-08,3.27436e-05
17,7.91689e-06,1.61755e-08,0.000100725,3.1897e-05,0.0,0.0,4.61836e-05,9.58524e-06,3.14985e-08,3.27794e-05
18,0.0,1.63689e-08,0.0,3.18945e-05,0.000102706,0.000119,4.61856e-05,9.61733e-06,3.17082e-08,3.27983e-05
19,7.91671e-06,1.65694e-08,9.86912e-05,3.189e-05,0.0,0.0,4.61828e-05,9.64934e-06,3.19236e-08,3.28324e-05
20,0.0,1.67737e-08,0.0,3.18863e-05,0.000100831,0.000120429,4.61838e-05,9.6807e-06,3.21395e-08,3.2879e-05
21,7.91667e-06,1.69764e-08,9.54635e-05,3.16902e-05,0.0,0.0,4.61818e-05,9.71113e-06,3.23486e-08,3.28616e-05
22,0.0,1.71716e-08,0.0,3.15672e-05,0.000101918,0.000121584,4.61824e-05,9.74067e-06,3.25423e-08,3.2897e-05
23,7.91645e-06,1.7355e-08,9.46008e-05,3.15255e-05,0.0,0.0,4.61819e-05,9.76944e-06,3.27115e-08,3.29333e-05
24,0.0,1.75215e-08,0.0,3.15125e-05,0.000102094,0.000122448,4.61786e-05,9.79749e-06,3.28472e-08,3.29646e-05
25,7.91629e-06,1.76666e-08,9.60357e-05,3.15084e-05,0.0,0.0,4.61814e-05,9.82487e-06,3.29411e-08,3.29593e-05
26,0.0,1.77835e-08,0.0,3.15047e-05,0.000101047,0.000123433,4.6179e-05,9.85161e-06,3.29863e-08,3.30136e-05
27,7.91619e-06,1.787e-08,9.33206e-05,3.14941e-05,0.0,0.0,4.61806e-05,9.87773e-06,3.29772e-08,3.30383e-05
28,0.0,1.79301e-08,0.0,3.14878e-05,9.7327e-05,0.000123642,4.61791e-05,9.90325e-06,3.29098e-08,3.3045e-05
29,7.91614e-06,1.79571e-08,9.15963e-05,3.14851e-05,0.0,0.0,4.61801e-05,9.92817e-06,3.27816e-08,3.30783e-05
30,0.0,1.78532e-08,0.0,3.14356e-05,9.43245e-05,0.000124851,4.61791e-05,9.95253e-06,3.21863e-08,3.31021e-05
31,7.91598e-06,2.01661e-08,8.82595e-05,3.13867e-05,0.0,0.0,4.61798e-05,9.97628e-06,3.23658e-08,3.31019e-05
32,0.0,3.73138e-08,0.0,3.13685e-05,9.82072e-05,0.000125629,4.61801e-05,9.99868e-06,3.44152e-08,3.31574e-05
33,7.91589e-06,7.37948e-08,8.91933e-05,3.13629e-05,0.0,0.0,4.61769e-05,1.00197e-05,4.51263e-08,3.31819e-05
34,0.0,1.23957e-07,0.0,3.1361e-05,9.64714e-05,0.000125924,4.61798e-05,1.00395e-05,5.43195e-08,3.31887e-05
35,7.91567e-06,1.80441e-07,8.77632e-05,3.13517e-05,0.0,0.0,4.61777e-05,1.00578e-05,9.40225e-08,3.32224e-05
36,0.0,2.37549e-07,0.0,3.13291e-05,9.46422e-05,0.000126913,4.61795e-05,1.00742e-05,1.27074e-07,3.32187e-05
37,7.91552e-06,2.91664e-07,8.48665e-05,3.1295e-05,0.0,0.0,4.6178e-05,1.00889e-05,1.44851e-07,3.32519e-05
38,0.0,3.41286e-07,0.0,3.12766e-05,9.41806e-05,0.000127671,4.61793e-05,1.01024e-05,1.81426e-07,3.32627e-05
39,7.91554e-06,3.85035e-07,8.31904e-05,3.12585e-05,0.0,0.0,4.61783e-05,1.01151e-05,2.17808e-07,3.32832e-05
40,0.0,4.22844e-07,0.0,3.08614e-05,9.28746e-05,0.000130208,4.61792e-05,1.01273e-05,2.5177e-07,3.33507e-05
41,7.91534e-06,4.54768e-07,8.1417e-05,3.06944e-05,0.0,0.0,4.61785e-05,1.01388e-05,2.67439e-07,3.3389e-05
42,0.0,4.81388e-07,0.0,3.06453e-05,9.56129e-05,0.000131201,4.61791e-05,1.01497e-05,2.94777e-07,3.34198e-05
43,7.91524e-06,5.03281e-07,8.54829e-05,3.06282e-05,0.0,0.0,4.61787e-05,1.016e-05,3.06715e-07,3.33932e-05
44,0.0,5.21577e-07,0.0,3.06187e-05,9.70846e-05,0.000131436,4.61791e-05,1.01697e-05,3.37076e-07,3.34308e-05
45,7.91509e-06,5.36605e-07,8.19331e-05,3.06123e-05,0.0,0.0,4.61788e-05,1.01791e-05,3.54537e-07,3.34262e-05
46,0.0,5.48358e-07,0.0,3.06058e-05,9.16191e-05,0.000131375,4.61791e-05,1.01882e-05,3.63097e-07,3.34296e-05
47,7.91506e-06,5.58614e-07,7.99883e-05,3.05915e-05,0.0,0.0,4.61789e-05,1.01968e-05,3.80023e-07,3.34603e-05
48,0.0,5.6761e-07,0.0,3.05821e-05,9.18877e-05,0.000131773,4.61791e-05,1.02046e-05,3.96418e-07,3.34647e-05
49,7.91501e-06,5.74171e-07,7.9493e-05,3.05778e-05,0.0,0.0,4.6179e-05,1.02117e-05,4.10859e-07,3.35294e-05
50,0.0,5.78634e-07,0.0,3.05759e-05,9.35063e-05,0.000132034,4.61791e-05,1.02183e-05,4.22266e-07,3.34891e-05
51,7.91489e-06,5.82869e-07,7.87857e-05,3.06223e-05,0.0,0.0,4.6179e-05,1.02242e-05,4.30036e-07,3.34967e-05
52,0.0,5.82424e-07,0.0,3.06336e-05,9.47728e-05,0.000134527,4.61791e-05,1.02297e-05,4.32859e-07,3.35604e-05
53,7.91474e-06,5.88788e-07,8.26196e-05,3.06159e-05,0.0,0.0,4.6179e-05,1.0234e-05,4.37005e-07,3.36053e-05
54,0.0,5.91011e-07,0.0,3.06014e-05,9.35048e-05,0.000135301,4.61791e-05,1.02374e-05,4.3813e-07,3.3628e-05
55,7.91456e-06,5.93386e-07,8.21167e-05,3.05916e-05,0.0,0.0,4.6179e-05,1.024e-05,4.38938e-07,3.36235e-05
56,0.0,5.93941e-07,0.0,3.05741e-05,9.30987e-05,0.000136491,4.61791e-05,1.02422e-05,4.42855e-07,3.36735e-05
57,7.91454e-06,5.93872e-07,7.95234e-05,3.05624e-05,0.0,0.0,4.6179e-05,1.02442e-05,4.46638e-07,3.36792e-05
58,0.0,5.9269e-07,8.21114e-07,3.05542e-05,9.08946e-05,0.000136618,4.6179e-05,1.02426e-05,4.48954e-07,3.36818e-05
59,7.91448e-06,5.9242e-07,7.87924e-05,3.05469e-05,0.0,0.0,4.6179e-05,1.02395e-05,4.53961e-07,3.37264e-05
60,0.0,5.91444e-07,5.4638e-06,3.05394e-05,9.06612e-05,0.000137765,4.6179e-05,1.02348e-05,4.56713e-07,3.37491e-05
61,7.91432e-06,5.91348e-07,7.51769e-05,3.05345e-05,0.0,0.0,4.6179e-05,1.02186e-05,4.6455e-07,3.37579e-05
62,0.0,5.91214e-07,1.11487e-05,3.053e-05,8.78342e-05,0.000138383,4.61789e-05,1.02074e-05,4.69294e-07,3.37812e-05
63,7.91433e-06,5.90841e-07,7.45478e-05,3.05182e-05,0.0,0.0,4.61785e-05,1.01989e-05,4.71908e-07,3.38022e-05
64,0.0,5.89646e-07,2.34921e-05,3.05095e-05,8.74217e-05,0.000139561,4.61779e-05,1.01917e-05,4.77654e-07,3.38459e-05
65,7.91397e-06,5.88752e-07,7.22888e-05,3.05016e-05,0.0,0.0,4.61773e-05,1.01853e-05,4.83694e-07,3.38288e-05
66,0.0,5.86849e-07,2.4845e-05,3.04868e-05,8.90344e-05,0.000140485,4.61767e-05,1.01795e-05,4.8843e-07,3.38896e-05
67,7.91398e-06,5.85549e-07,7.03136e-05,3.04767e-05,0.0,0.0,4.61761e-05,1.0174e-05,4.90742e-07,3.39177e-05
68,0.0,5.83443e-07,2.6151e-05,3.04714e-05,8.88148e-05,0.000140968,4.61755e-05,1.01687e-05,4.902e-07,3.39291e-05
69,7.91359e-06,5.80485e-07,6.88848e-05,3.04688e-05,0.0,0.0,4.6175e-05,1.01623e-05,4.87426e-07,3.39491e-05
70,0.0,5.7764e-07,2.72869e-05,3.04671e-05,8.87357e-05,0.0001418,4.61745e-05,1.0155e-05,4.82883e-07,3.39815e-05
71,7.91357e-06,5.75756e-07,6.68836e-05,3.04643e-05,0.0,0.0,4.61741e-05,1.0147e-05,4.80364e-07,3.39962e-05
72,0.0,5.72451e-07,3.15437e-05,3.03715e-05,8.53495e-05,0.000143684,4.61737e-05,1.01385e-05,4.71574e-07,3.40188e-05
73,7.91355e-06,5.71363e-07,6.62079e-05,3.02629e-05,0.0,0.0,4.61733e-05,1.01297e-05,4.66264e-07,3.40008e-05
74,0.0,5.70813e-07,3.19995e-05,3.02109e-05,8.51436e-05,0.000144313,4.6173e-05,1.01206e-05,4.64381e-07,3.40455e-05
75,7.91369e-06,5.69714e-07,6.53332e-05,3.01902e-05,0.0,0.0,4.61727e-05,1.01111e-05,4.61863e-07,3.40723e-05
76,0.0,5.69127e-07,3.24581e-05,3.01819e-05,8.39772e-05,0.000144993,4.61724e-05,1.01012e-05,4.62426e-07,3.40971e-05
77,7.9133e-06,5.68913e-07,6.44996e-05,3.01782e-05,0.0,0.0,4.61722e-05,1.00911e-05,4.63387e-07,3.40879e-05
78,0.0,5.65257e-07,3.3465e-05,3.01778e-05,8.32109e-05,0.000145172,4.6172e-05,1.00804e-05,4.66109e-07,3.40924e-05
79,7.91333e-06,5.67166e-07,6.2088e-05,3.01785e-05,0.0,0.0,4.61718e-05,1.00692e-05,4.67896e-07,3.41747e-05
80,0.0,5.62953e-07,3.4214e-05,3.01729e-05,8.09162e-05,0.000146839,4.61716e-05,1.00577e-05,4.73353e-07,3.41869e-05
81,7.91297e-06,5.62576e-07,5.98378e-05,3.01592e-05,0.0,0.0,4.61715e-05,1.00462e-05,4.76791e-07,3.42309e-05
82,0.0,5.60318e-07,3.83803e-05,3.01473e-05,8.617e-05,0.000147553,4.61713e-05,1.00345e-05,4.78761e-07,3.42088e-05
83,7.91289e-06,5.58119e-07,5.6962e-05,3.01388e-05,0.0,0.0,4.61712e-05,1.00224e-05,4.83142e-07,3.42219e-05
84,0.0,5.5692e-07,3.86483e-05,3.0133e-05,8.62897e-05,0.000148133,4.61711e-05,1.00101e-05,4.8784e-07,3.4235e-05
85,7.91298e-06,5.58913e-07,5.32319e-05,3.01287e-05,0.0,0.0,4.6171e-05,9.99745e-06,4.91543e-07,3.42713e-05
86,0.0,5.57189e-07,4.06106e-05,3.00194e-05,7.92067e-05,0.000149539,4.61709e-05,9.98458e-06,4.92775e-07,3.42734e-05
87,7.91286e-06,5.54958e-07,4.84501e-05,2.99338e-05,0.0,0.0,4.61708e-05,9.97162e-06,4.93041e-07,3.42763e-05
88,0.0,5.49452e-07,4.03629e-05,2.98883e-05,7.66053e-05,0.000149267,4.61707e-05,9.95873e-06,4.91136e-07,3.42662e-05
89,7.9127e-06,5.51848e-07,4.37908e-05,2.98678e-05,0.0,0.0,4.61706e-05,9.94598e-06,4.8737e-07,3.43148e-05
90,0.0,5.52125e-07,4.06797e-05,2.98586e-05,7.95295e-05,0.000150573,4.61705e-05,9.93344e-06,4.82033e-07,3.43349e-05
91,7.91269e-06,5.52751e-07,3.95749e-05,2.98538e-05,0.0,0.0,4.61704e-05,9.92113e-06,4.75963e-07,3.43458e-05
92,0.0,5.50153e-07,3.98061e-05,2.98499e-05,7.61154e-05,0.000150893,4.61703e-05,9.90872e-06,4.69546e-07,3.43543e-05
93,7.91243e-06,5.50287e-07,3.62956e-05,2.9846e-05,0.0,0.0,4.61702e-05,9.89569e-06,4.665e-07,3.44176e-05
94,0.0,5.51351e-07,3.92105e-05,2.9843e-05,7.86711e-05,0.000151439,4.61702e-05,9.88265e-06,4.6029e-07,3.43874e-05
95,7.91243e-06,5.51626e-07,3.54698e-05,2.98408e-05,5.62735e-07,0.0,4.61701e-05,9.86983e-06,4.54766e-07,3.44283e-05
96,0.0,5.5436e-07,3.90465e-05,2.98391e-05,7.87448e-05,0.000152539,4.617e-05,9.85729e-06,4.50045e-07,3.44459e-05
97,7.91239e-06,5.5263e-07,3.50609e-05,2.98377e-05,0.0,0.0,4.61699e-05,9.82753e-06,4.45851e-07,3.44244e-05
98,0.0,5.52791e-07,3.80297e-05,2.98362e-05,7.42549e-05,0.000152494,4.61713e-05,9.78687e-06,4.4203e-07,3.44456e-05
99,7.91246e-06,5.51289e-07,3.4877e-05,2.92277e-05,1.7026e-06,0.0,4.61696e-05,9.76125e-06,4.38517e-07,3.44809e-05
100,0.0,5.49061e-07,3.79925e-05,2.89724e-05,7.89792e-05,0.000155857,4.61664e-05,9.74085e-06,4.35298e-07,3.45134e-05
101,7.91206e-06,5.46658e-07,3.52793e-05,2.88732e-05,5.56155e-06,0.0,4.61631e-05,9.72292e-06,4.32364e-07,3.45275e-05
102,0.0,5.43221e-07,3.77587e-05,2.8831e-05,7.4823e-05,0.00015523,4.61601e-05,9.7064e-06,4.29718e-07,3.44887e-05
103,7.91216e-06,5.42279e-07,3.43053e-05,2.88139e-05,6.68487e-06,0.0,4.61575e-05,9.68827e-06,4.2734e-07,3.45646e-05
104,0.0,5.40489e-07,3.78653e-05,2.88062e-05,7.33639e-05,0.000156721,4.61552e-05,9.67012e-06,4.25227e-07,3.45675e-05
105,7.9122e-06,5.38653e-07,3.56121e-05,2.88004e-05,6.08541e-06,0.0,4.61533e-05,9.65301e-06,4.23347e-07,3.45834e-05
106,0.0,5.37696e-07,3.78778e-05,2.87953e-05,7.10445e-05,0.000157175,4.61516e-05,9.63482e-06,4.21694e-07,3.45901e-05
107,7.91224e-06,5.37507e-07,3.6116e-05,2.87434e-05,9.23076e-06,0.0,4.61501e-05,9.61516e-06,4.20231e-07,3.46546e-05
108,0.0,5.36561e-07,3.80172e-05,2.86659e-05,6.58665e-05,0.00015807,4.61488e-05,9.5953e-06,4.18957e-07,3.46255e-05
109,7.91209e-06,5.36639e-07,3.6314e-05,2.86279e-05,1.34621e-05,0.0,4.61476e-05,9.57562e-06,4.17829e-07,3.46557e-05
110,0.0,5.36562e-07,3.82124e-05,2.8611e-05,6.71126e-05,0.000159508,4.61466e-05,9.55624e-06,4.16855e-07,3.46829e-05
111,7.9119e-06,5.36243e-07,3.70438e-05,2.8732e-05,1.55011e-05,0.0,4.61456e-05,9.53722e-06,4.15988e-07,3.47034e-05
112,0.0,5.36409e-07,3.77879e-05,2.8731e-05,6.19901e-05,0.000160478,4.61448e-05,9.51856e-06,4.1525e-07,3.46975e-05
113,7.91175e-06,5.36231e-07,3.69376e-05,2.87038e-05,1.71791e-05,0.0,4.6144e-05,9.50029e-06,4.14582e-07,3.47682e-05
114,0.0,5.36323e-07,3.77902e-05,2.86855e-05,6.1841e-05,0.000161322,4.61432e-05,9.48236e-06,4.14028e-07,3.47466e-05
115,7.91145e-06,5.35778e-07,3.74925e-05,2.86754e-05,1.70857e-05,0.0,4.61425e-05,9.46418e-06,4.13512e-07,3.47241e-05
116,0.0,5.35117e-07,3.80284e-05,2.86649e-05,6.17276e-05,0.000162272,4.61419e-05,9.4459e-06,4.13102e-07,3.47791e-05
117,7.91145e-06,5.33044e-07,3.75819e-05,2.86341e-05,1.93622e-05,0.0,4.61413e-05,9.42573e-06,4.127e-07,3.48052e-05
118,0.0,5.32576e-07,3.81016e-05,2.86109e-05,5.94055e-05,0.000162555,4.61407e-05,9.40499e-06,4.12405e-07,3.48111e-05
119,7.91127e-06,5.29627e-07,3.76279e-05,2.85983e-05,2.05296e-05,0.0,4.61402e-05,9.38501e-06,4.12087e-07,3.48331e-05
120,0.0,5.27739e-07,3.80092e-05,2.85917e-05,5.84448e-05,0.000163623,4.61398e-05,9.36581e-06,4.11889e-07,3.48617e-05
121,7.91093e-06,5.2472e-07,3.76595e-05,2.85866e-05,2.14363e-05,0.0,4.61393e-05,9.34725e-06,4.11633e-07,3.48449e-05
122,0.0,5.24165e-07,3.78492e-05,2.85756e-05,5.70876e-05,0.000163925,4.61389e-05,9.32925e-06,4.11645e-07,3.48661e-05
123,7.91079e-06,5.22877e-07,3.7548e-05,2.85656e-05,2.22004e-05,0.0,4.61385e-05,9.31173e-06,4.11369e-07,3.48512e-05
124,0.0,5.2104e-07,3.72378e-05,2.85572e-05,5.48893e-05,0.000164261,4.61381e-05,9.29464e-06,4.11379e-07,3.48845e-05
125,7.91092e-06,5.20724e-07,3.79682e-05,2.84993e-05,2.42183e-05,0.0,4.61378e-05,9.27793e-06,4.11521e-07,3.49248e-05
126,0.0,5.18731e-07,3.75396e-05,2.84241e-05,5.37283e-05,0.000165591,4.61374e-05,9.26123e-06,4.11447e-07,3.49292e-05
127,7.91089e-06,5.18925e-07,3.83768e-05,2.83837e-05,2.58989e-05,0.0,4.61371e-05,9.24433e-06,4.11326e-07,3.49561e-05
128,0.0,5.19052e-07,3.79591e-05,2.83613e-05,5.23876e-05,0.000165967,4.61368e-05,9.22673e-06,4.11093e-07,3.49479e-05
129,7.91084e-06,5.18311e-07,3.84317e-05,2.79126e-05,2.72267e-05,0.0,4.61366e-05,9.20893e-06,4.10969e-07,3.49991e-05
130,0.0,5.16985e-07,3.81856e-05,2.76473e-05,5.13285e-05,0.000166842,4.61363e-05,9.19128e-06,4.10768e-07,3.49659e-05
131,7.91054e-06,5.16733e-07,3.82392e-05,2.75486e-05,2.84862e-05,0.0,4.61361e-05,9.17394e-06,4.1083e-07,3.49892e-05
132,0.0,5.12198e-07,3.80038e-05,2.75092e-05,4.89806e-05,0.000167532,4.61358e-05,9.15695e-06,4.10616e-07,3.50052e-05
133,7.91064e-06,5.15476e-07,3.8553e-05,2.74918e-05,2.93623e-05,0.0,4.61356e-05,9.13992e-06,4.1077e-07,3.50308e-05
134,0.0,5.13736e-07,3.82603e-05,2.74836e-05,4.82795e-05,0.000168638,4.61354e-05,9.12159e-06,4.11822e-07,3.50618e-05
135,7.9106e-06,5.13567e-07,3.8596e-05,2.7479e-05,3.086e-05,0.0,4.61352e-05,9.10205e-06,4.12767e-07,3.50545e-05
136,0.0,5.13431e-07,3.83402e-05,2.7476e-05,4.66994e-05,0.000167996,4.61351e-05,9.08233e-06,4.14363e-07,3.50317e-05
137,7.9104e-06,5.12168e-07,3.87401e-05,2.74738e-05,3.21216e-05,0.0,4.61349e-05,9.06285e-06,4.15204e-07,3.50676e-05
138,0.0,5.08408e-07,3.85477e-05,2.74721e-05,4.55322e-05,0.000167757,4.61347e-05,9.04372e-06,4.17021e-07,3.5015e-05
139,7.91049e-06,5.06605e-07,3.88192e-05,2.74692e-05,3.28672e-05,0.0,4.61346e-05,9.02499e-06,4.18359e-07,3.50434e-05
140,0.0,5.02824e-07,3.86348e-05,2.74657e-05,4.53852e-05,0.000168627,4.61344e-05,9.0066e-06,4.23873e-07,3.50422e-05
141,7.91015e-06,4.98157e-07,3.88224e-05,2.7453e-05,3.33544e-05,0.0,4.61343e-05,8.98808e-06,4.28853e-07,3.50703e-05
142,0.0,4.99542e-07,3.86722e-05,2.74374e-05,4.53687e-05,0.000170094,4.61341e-05,8.96829e-06,4.32001e-07,3.51105e-05
143,7.90997e-06,4.95245e-07,3.88048e-05,2.74199e-05,3.39645e-05,0.0,4.6134e-05,8.946e-06,4.39352e-07,3.51108e-05
144,0.0,4.94712e-07,3.86596e-05,2.74039e-05,4.39392e-05,0.000170341,4.61338e-05,8.92249e-06,4.47544e-07,3.51317e-05
145,7.90982e-06,4.94507e-07,3.87452e-05,2.73918e-05,3.46688e-05,0.0,4.61337e-05,8.89889e-06,4.54954e-07,3.51405e-05
146,0.0,4.9524e-07,3.87134e-05,2.73824e-05,4.38101e-05,0.000171042,4.61335e-05,8.86888e-06,4.58044e-07,3.5154e-05
147,7.90987e-06,4.9622e-07,3.85873e-05,2.73738e-05,3.48902e-05,0.0,4.61334e-05,8.83873e-06,4.61941e-07,3.51151e-05
148,0.0,4.92888e-07,3.85092e-05,2.73663e-05,4.26129e-05,0.000170043,4.61332e-05,8.81057e-06,4.63467e-07,3.51099e-05
149,7.90985e-06,4.96564e-07,3.84418e-05,2.736e-05,3.5511e-05,0.0,4.6133e-05,8.7839e-06,4.62844e-07,3.51741e-05
150,0.0,4.9688e-07,3.83058e-05,2.7355e-05,4.22386e-05,0.000171362,4.61327e-05,8.75812e-06,4.60334e-07,3.51717e-05
151,7.90989e-06,4.95505e-07,3.85061e-05,2.73506e-05,3.60002e-05,0.0,4.61322e-05,8.73295e-06,4.56813e-07,3.52477e-05
152,0.0,4.93389e-07,3.81852e-05,2.73463e-05,4.12611e-05,0.00017276,4.61317e-05,8.70832e-06,4.50686e-07,3.52516e-05
153,7.9095e-06,4.92883e-07,3.86281e-05,2.73424e-05,3.64095e-05,0.0,4.61312e-05,8.68418e-06,4.44463e-07,3.5244e-05
154,0.0,4.91534e-07,3.84621e-05,2.75539e-05,4.07334e-05,0.000174993,4.61305e-05,8.64888e-06,4.40284e-07,3.52489e-05
155,7.90942e-06,4.90391e-07,3.85168e-05,2.7404e-05,3.71139e-05,0.0,4.61298e-05,8.61829e-06,4.40433e-07,3.52925e-05
156,0.0,4.88449e-07,3.82702e-05,2.73249e-05,4.10568e-05,0.000175884,4.61288e-05,8.5903e-06,4.4449e-07,3.53012e-05
157,7.90936e-06,4.87676e-07,3.863e-05,2.72893e-05,3.73378e-05,0.0,4.61275e-05,8.56353e-06,4.50978e-07,3.53173e-05
158,0.0,4.87698e-07,3.85246e-05,2.72728e-05,4.0653e-05,0.000175813,4.61261e-05,8.53688e-06,4.5867e-07,3.52982e-05
159,7.90931e-06,4.89133e-07,3.86007e-05,2.72645e-05,3.75945e-05,0.0,4.61246e-05,8.51069e-06,4.66763e-07,3.53137e-05
160,0.0,4.89946e-07,3.84643e-05,2.72402e-05,3.98416e-05,0.000176882,4.61232e-05,8.48511e-06,4.74769e-07,3.53268e-05
161,7.9094e-06,4.92604e-07,3.85642e-05,2.72213e-05,3.83503e-05,0.0,4.61218e-05,8.46018e-06,4.824e-07,3.53479e-05
162,0.0,4.93152e-07,3.84309e-05,2.72092e-05,3.94038e-05,0.000177172,4.61205e-05,8.41923e-06,4.89497e-07,3.53484e-05
163,7.90931e-06,4.96411e-07,3.85429e-05,2.72019e-05,3.77841e-05,0.0,4.61184e-05,8.3874e-06,4.95981e-07,3.5323e-05
164,0.0,4.9867e-07,3.84013e-05,2.71975e-05,3.92929e-05,0.00017719,4.61157e-05,8.35935e-06,5.01827e-07,3.53511e-05
165,7.90915e-06,5.00565e-07,3.85378e-05,2.71947e-05,3.79354e-05,0.0,4.61128e-05,8.33332e-06,5.07043e-07,3.54087e-05
166,0.0,5.01859e-07,3.83829e-05,2.71928e-05,3.94998e-05,0.000178574,4.61098e-05,8.30857e-06,5.11658e-07,3.54171e-05
167,7.90921e-06,5.01883e-07,3.85395e-05,2.71913e-05,3.80782e-05,0.0,4.61071e-05,8.28474e-06,5.15714e-07,3.54122e-05
168,0.0,5.01058e-07,3.8359e-05,2.71893e-05,3.93905e-05,0.000178285,4.61045e-05,8.26166e-06,5.19259e-07,3.54088e-05
169,7.90895e-06,4.98843e-07,3.84944e-05,2.71869e-05,3.82287e-05,0.0,4.61022e-05,8.23919e-06,5.22342e-07,3.54349e-05
170,0.0,4.97531e-07,3.82917e-05,2.71845e-05,3.88625e-05,0.000178954,4.61001e-05,8.21712e-06,5.25013e-07,3.54448e-05
171,7.90865e-06,4.95115e-07,3.84573e-05,2.71827e-05,3.80949e-05,0.0,4.60981e-05,8.19482e-06,5.27319e-07,3.54598e-05
172,0.0,4.92235e-07,3.82948e-05,2.71814e-05,3.8923e-05,0.000179543,4.60963e-05,8.17253e-06,5.29305e-07,3.54662e-05
173,7.90868e-06,4.92014e-07,3.84345e-05,2.71804e-05,3.82886e-05,0.0,4.60947e-05,8.15008e-06,5.3101e-07,3.5509e-05
174,0.0,4.92119e-07,3.82807e-05,2.71791e-05,3.86238e-05,0.000179689,4.60932e-05,8.1277e-06,5.32471e-07,3.54713e-05
175,7.90858e-06,4.92371e-07,3.84081e-05,2.69999e-05,3.85378e-05,0.0,4.60918e-05,8.10537e-06,5.33721e-07,3.55106e-05
176,0.0,4.91278e-07,3.81709e-05,2.68318e-05,3.85126e-05,0.000182481,4.60906e-05,8.08251e-06,5.34788e-07,3.55678e-05
177,7.90843e-06,4.919e-07,3.83365e-05,2.67469e-05,3.79655e-05,0.0,4.60894e-05,8.05937e-06,5.35697e-07,3.55594e-05
178,0.0,4.90943e-07,3.78573e-05,2.67041e-05,3.79902e-05,0.000182544,4.60883e-05,8.03618e-06,5.36472e-07,3.55754e-05
179,7.90829e-06,4.92116e-07,3.79067e-05,2.66816e-05,3.80009e-05,0.0,4.60874e-05,8.01305e-06,5.3713e-07,3.55879e-05
180,0.0,4.91949e-07,3.82795e-05,2.66691e-05,3.86143e-05,0.00018219,4.60864e-05,7.98992e-06,5.37689e-07,3.55595e-05
181,7.90818e-06,4.92121e-07,3.84298e-05,2.66618e-05,3.82733e-05,0.0,4.60856e-05,7.96684e-06,5.38164e-07,3.55846e-05
182,0.0,4.91773e-07,3.86345e-05,2.66573e-05,3.83555e-05,0.000182862,4.60848e-05,7.94389e-06,5.38566e-07,3.55882e-05
183,7.90823e-06,4.91954e-07,3.87809e-05,2.6642e-05,3.85115e-05,0.0,4.6084e-05,7.92117e-06,5.38907e-07,3.56386e-05
184,0.0,4.903e-07,3.89987e-05,2.64974e-05,3.88713e-05,0.000184515,4.60834e-05,7.89876e-06,5.39196e-07,3.56265e-05
185,7.90803e-06,4.87304e-07,3.89456e-05,2.62904e-05,3.84854e-05,0.0,4.60827e-05,7.87671e-06,5.3944e-07,3.56464e-05
186,0.0,4.87205e-07,3.90984e-05,2.61662e-05,3.81356e-05,0.000185308,4.60821e-05,7.85503e-06,5.39646e-07,3.567e-05
187,7.90806e-06,4.86273e-07,3.91128e-05,2.60992e-05,3.82358e-05,0.0,4.60815e-05,7.83376e-06,5.3982e-07,3.56553e-05
188,0.0,4.82959e-07,3.81738e-05,2.60625e-05,3.82831e-05,0.000185449,4.6081e-05,7.81289e-06,5.39967e-07,3.56764e-05
189,7.90769e-06,4.8153e-07,3.80314e-05,2.60411e-05,3.84441e-05,0.0,4.60805e-05,7.79241e-06,5.40092e-07,3.56879e-05
190,0.0,4.84259e-07,3.83845e-05,2.60278e-05,3.81782e-05,0.000185578,4.608e-05,7.77205e-06,5.40196e-07,3.56807e-05
191,7.90796e-06,4.85397e-07,3.85851e-05,2.60193e-05,3.8218e-05,0.0,4.60795e-05,7.75168e-06,5.40285e-07,3.56931e-05
192,0.0,4.82035e-07,3.84699e-05,2.60135e-05,3.82596e-05,0.000184587,4.60791e-05,7.7314e-06,5.40359e-07,3.56335e-05
193,7.90783e-06,4.82625e-07,3.81675e-05,2.60032e-05,3.77692e-05,0.0,4.60787e-05,7.71134e-06,5.40422e-07,3.5679e-05
194,0.0,4.81607e-07,3.77716e-05,2.59446e-05,3.85118e-05,0.00018736,4.60783e-05,7.69157e-06,5.40475e-07,3.57314e-05
195,7.90772e-06,4.80878e-07,3.75602e-05,2.58608e-05,3.83224e-05,0.0,4.60779e-05,7.67209e-06,5.40519e-07,3.57143e-05
196,0.0,4.79812e-07,3.75513e-05,2.58024e-05,3.83947e-05,0.000187744,4.60776e-05,7.65244e-06,5.40557e-07,3.57528e-05
197,7.90766e-06,4.78463e-07,3.74166e-05,2.5768e-05,3.79246e-05,0.0,4.60772e-05,7.6305e-06,5.40588e-07,3.57641e-05
198,0.0,4.77367e-07,3.72969e-05,2.57368e-05,3.80074e-05,0.00018693,4.60769e-05,7.60744e-06,5.40615e-07,3.5749e-05
199,7.90767e-06,4.77001e-07,3.71301e-05,2.5677e-05,3.8485e-05,0.0,4.60766e-05,7.58474e-06,5.40637e-07,3.57997e-05
200,0.0,4.74892e-07,3.70522e-05,2.56299e-05,3.84693e-05,0.000164191,4.60763e-05,7.56256e-06,5.40656e-07,3.57555e-05
201,7.90742e-06,4.73009e-07,3.69159e-05,2.56007e-05,3.82509e-05,0.0,4.6076e-05,7.54088e-06,5.40672e-07,3.57831e-05
202,0.0,4.71881e-07,3.68492e-05,2.55837e-05,3.80094e-05,0.0,4.60757e-05,7.51967e-06,5.40685e-07,3.58121e-05
203,7.90706e-06,4.68916e-07,3.6793e-05,2.55717e-05,3.83473e-05,0.0,4.60754e-05,7.49716e-06,5.40696e-07,3.58029e-05
204,0.0,4.67112e-07,3.67598e-05,2.55595e-05,3.83986e-05,0.000189628,4.60751e-05,7.47404e-06,5.40706e-07,3.58182e-05
205,7.90728e-06,4.67309e-07,3.67136e-05,2.55463e-05,3.82265e-05,0.0,4.60748e-05,7.45159e-06,5.40713e-07,3.587e-05
206,0.0,4.64096e-07,3.66845e-05,2.55305e-05,3.80031e-05,nan,4.60745e-05,7.42989e-06,5.4072e-07,3.58684e-05
207,7.90713e-06,4.62674e-07,3.66485e-05,2.55164e-05,3.80744e-05,nan,4.60742e-05,7.40886e-06,5.40726e-07,3.59356e-05
208,0.0,4.61748e-07,3.66415e-05,2.55054e-05,3.84786e-05,nan,4.60739e-05,7.3884e-06,5.4073e-07,3.59596e-05
209,7.90667e-06,4.56574e-07,3.66315e-05,2.54966e-05,3.81544e-05,nan,4.60736e-05,7.35951e-06,5.40734e-07,3.60088e-05
210,0.0,4.57312e-07,3.66304e-05,2.54761e-05,3.84201e-05,nan,4.60731e-05,7.33371e-06,5.40737e-07,3.59659e-05
211,7.90658e-06,4.5202e-07,3.6627e-05,2.5453e-05,3.78901e-05,nan,4.60725e-05,7.30993e-06,5.4074e-07,3.59698e-05
212,0.0,4.5337e-07,3.66267e-05,2.54349e-05,3.85091e-05,nan,4.60716e-05,7.28735e-06,5.40743e-07,3.59844e-05
213,7.90689e-06,4.53295e-07,3.66249e-05,2.5421e-05,3.79174e-05,nan,4.60706e-05,7.2656e-06,5.40744e-07,3.59504e-05
214,0.0,4.51968e-07,3.66143e-05,2.54095e-05,3.91084e-05,nan,4.60694e-05,7.24449e-06,5.40746e-07,3.6029e-05
215,7.9063e-06,4.50111e-07,3.65117e-05,2.54002e-05,3.81821e-05,nan,4.60682e-05,7.22394e-06,5.40747e-07,3.597e-05
216,0.0,4.51807e-07,3.62746e-05,2.53934e-05,3.89885e-05,nan,4.60669e-05,7.20387e-06,5.40749e-07,3.60365e-05
217,7.9064e-06,4.50454e-07,3.60533e-05,2.53885e-05,3.79817e-05,nan,4.60657e-05,7.18425e-06,5.4075e-07,3.60572e-05
218,0.0,4.50983e-07,3.58932e-05,2.53845e-05,3.87381e-05,nan,4.60645e-05,7.16489e-06,5.4075e-07,3.60068e-05
219,7.90619e-06,4.52609e-07,3.57798e-05,2.53707e-05,3.8165e-05,nan,4.60634e-05,7.14487e-06,5.40751e-07,3.60626e-05
220,0.0,4.51649e-07,3.56996e-05,2.53521e-05,3.90906e-05,nan,4.60623e-05,7.12445e-06,5.40752e-07,3.60508e-05
221,7.90605e-06,4.51173e-07,3.56426e-05,2.53371e-05,3.79093e-05,nan,4.60612e-05,7.10397e-06,5.40752e-07,3.60655e-05
222,0.0,4.49506e-07,3.5602e-05,2.5327e-05,3.81949e-05,nan,4.60603e-05,7.08367e-06,5.40752e-07,3.60672e-05
223,7.906e-06,4.50621e-07,3.55729e-05,2.53177e-05,3.83895e-05,nan,4.60593e-05,7.06363e-06,5.40753e-07,3.61156e-05
224,0.0,4.49419e-07,3.5552e-05,2.52962e-05,3.86327e-05,nan,4.60585e-05,7.04391e-06,5.40753e-07,3.60867e-05
225,7.90593e-06,4.53486e-07,3.55369e-05,2.52654e-05,3.82466e-05,nan,4.60576e-05,7.02454e-06,5.40753e-07,3.60873e-05
226,0.0,4.51026e-07,3.55258e-05,2.52361e-05,3.92738e-05,nan,4.60568e-05,7.00554e-06,5.40754e-07,3.60845e-05
227,7.90568e-06,4.50355e-07,3.55177e-05,2.52147e-05,3.79768e-05,nan,4.60561e-05,6.9869e-06,5.40754e-07,3.61027e-05
228,0.0,4.49818e-07,3.55119e-05,2.51999e-05,3.95649e-05,nan,4.60554e-05,6.96862e-06,5.40754e-07,3.61115e-05
229,7.90533e-06,4.45922e-07,3.55071e-05,2.51877e-05,3.81999e-05,nan,4.60547e-05,6.9507e-06,5.40754e-07,3.60827e-05
230,0.0,4.46015e-07,3.55031e-05,2.51778e-05,3.95707e-05,nan,4.60541e-05,6.93314e-06,5.40754e-07,3.61291e-05
231,7.90548e-06,4.46878e-07,3.54995e-05,2.51699e-05,3.78118e-05,nan,4.60535e-05,6.91593e-06,5.40754e-07,3.61765e-05
232,0.0,4.44696e-07,3.54963e-05,2.51556e-05,3.95987e-05,nan,4.60529e-05,6.89907e-06,5.40754e-07,3.61545e-05
233,7.90509e-06,4.45626e-07,3.54934e-05,2.51382e-05,3.77655e-05,nan,4.60524e-05,6.88235e-06,5.40754e-07,3.62463e-05
234,0.0,4.45471e-07,3.54907e-05,2.51237e-05,4.02426e-05,nan,4.60519e-05,6.86525e-06,5.40754e-07,3.62085e-05
235,7.90503e-06,4.45256e-07,3.54884e-05,2.51134e-05,3.77818e-05,nan,4.60514e-05,6.8481e-06,5.40754e-07,3.62586e-05
236,0.0,4.44005e-07,3.5486e-05,2.51063e-05,4.10558e-05,nan,4.60509e-05,6.83107e-06,5.40754e-07,3.62854e-05
237,7.90488e-06,4.43007e-07,3.54838e-05,2.50998e-05,3.75679e-05,nan,4.60505e-05,6.81393e-06,5.40754e-07,3.62648e-05
238,0.0,4.43945e-07,3.54791e-05,2.50917e-05,4.00242e-05,nan,4.60501e-05,6.79597e-06,5.40754e-07,3.62608e-05
239,7.90482e-06,4.41118e-07,3.54651e-05,2.50833e-05,3.73875e-05,nan,4.60497e-05,6.77743e-06,5.40754e-07,3.63084e-05
240,0.0,4.37406e-07,3.54368e-05,2.50749e-05,4.08562e-05,nan,4.60493e-05,6.75773e-06,5.40755e-07,3.62869e-05
241,7.90481e-06,4.38335e-07,3.53952e-05,2.50675e-05,3.73102e-05,nan,4.60489e-05,6.73736e-06,5.40754e-07,3.63291e-05
242,0.0,4.37531e-07,3.5352e-05,2.50615e-05,4.02169e-05,nan,4.60486e-05,6.71629e-06,5.40754e-07,3.63298e-05
243,7.90473e-06,4.36431e-07,3.53146e-05,2.50568e-05,3.73613e-05,nan,4.60482e-05,6.69488e-06,5.40754e-07,3.63372e-05
244,0.0,4.38505e-07,3.52844e-05,2.50521e-05,4.07454e-05,nan,4.60479e-05,6.67351e-06,5.40755e-07,3.63462e-05
245,7.90463e-06,4.36411e-07,3.52606e-05,2.50458e-05,3.69744e-05,nan,4.60476e-05,6.65234e-06,5.40755e-07,3.63089e-05
246,0.0,4.38001e-07,3.52422e-05,2.50391e-05,4.16293e-05,nan,4.60473e-05,6.63148e-06,5.40755e-07,3.63381e-05
247,7.9046e-06,4.37891e-07,3.52277e-05,2.50332e-05,3.68205e-05,nan,4.6047e-05,6.61096e-06,5.40755e-07,3.63823e-05
248,0.0,4.38581e-07,3.52165e-05,2.50281e-05,4.27292e-05,nan,4.60467e-05,6.5908e-06,5.40755e-07,3.63853e-05
249,7.90434e-06,4.34555e-07,3.52077e-05,2.5023e-05,3.58889e-05,nan,4.60464e-05,6.57102e-06,5.40755e-07,3.64038e-05
250,0.0,4.32985e-07,3.52008e-05,2.50169e-05,4.20807e-05,nan,4.60461e-05,6.55161e-06,5.40755e-07,3.63959e-05
251,7.90448e-06,4.32615e-07,3.51955e-05,2.5005e-05,3.56308e-05,nan,4.60458e-05,6.53258e-06,5.40755e-07,3.63976e-05
252,0.0,4.31514e-07,3.51913e-05,2.49791e-05,4.29225e-05,nan,4.60455e-05,6.51392e-06,5.40755e-07,3.64296e-05
253,7.90419e-06,4.29182e-07,3.51752e-05,2.49569e-05,3.39608e-05,nan,4.60452e-05,6.49557e-06,5.40755e-07,3.64071e-05
254,0.0,4.27696e-07,3.51472e-05,2.49415e-05,4.49434e-05,nan,4.60449e-05,6.47735e-06,5.40755e-07,3.64209e-05
255,7.90424e-06,4.27495e-07,3.51225e-05,2.48452e-05,3.23577e-05,nan,4.60445e-05,6.45921e-06,5.40755e-07,3.64661e-05
256,0.0,4.26468e-07,3.51025e-05,2.47478e-05,4.7431e-05,nan,4.60442e-05,6.44116e-06,5.40755e-07,3.64624e-05
257,7.90406e-06,4.26304e-07,3.5087e-05,2.46814e-05,2.87207e-05,nan,4.60439e-05,6.42326e-06,5.40755e-07,3.6494e-05
258,0.0,4.25208e-07,3.50748e-05,2.46405e-05,5.14953e-05,nan,4.60436e-05,6.40557e-06,5.40755e-07,3.6495e-05
259,7.90374e-06,4.2261e-07,3.50653e-05,2.46156e-05,2.63909e-05,nan,4.60433e-05,6.38812e-06,5.40755e-07,3.6533e-05
260,0.0,4.23919e-07,3.50546e-05,2.46003e-05,5.46253e-05,nan,4.6043e-05,6.37095e-06,5.40755e-07,3.65874e-05
261,7.90398e-06,4.24027e-07,3.50327e-05,2.45907e-05,2.20748e-05,nan,4.60426e-05,6.35407e-06,5.40755e-07,3.65004e-05
262,0.0,4.24881e-07,3.50014e-05,2.45845e-05,5.59954e-05,nan,4.60423e-05,6.33749e-06,5.40755e-07,3.65636e-05
263,7.904e-06,4.233e-07,3.49671e-05,2.45813e-05,2.03951e-05,nan,4.6042e-05,6.32122e-06,5.40755e-07,3.65583e-05
264,0.0,4.21416e-07,3.49324e-05,2.45788e-05,5.87859e-05,nan,4.60417e-05,6.30526e-06,5.40755e-07,3.6602e-05
265,7.90368e-06,4.18171e-07,3.48998e-05,2.45761e-05,1.99056e-05,nan,4.60414e-05,6.28961e-06,5.40755e-07,3.65566e-05
266,0.0,4.15728e-07,3.48707e-05,2.45735e-05,5.66178e-05,nan,4.60411e-05,6.27426e-06,5.40755e-07,3.65828e-05
267,7.90373e-06,4.1508e-07,3.48448e-05,2.45715e-05,2.06984e-05,nan,4.60408e-05,6.25922e-06,5.40755e-07,3.66016e-05
268,0.0,4.12581e-07,3.48182e-05,2.457e-05,5.88063e-05,nan,4.60406e-05,6.24447e-06,5.40755e-07,3.65703e-05
269,7.90365e-06,4.13382e-07,3.47912e-05,2.4569e-05,1.72936e-05,nan,4.60403e-05,6.23001e-06,5.40755e-07,3.66587e-05
270,0.0,4.13296e-07,3.47486e-05,2.45678e-05,6.13207e-05,nan,4.604e-05,6.21579e-06,5.40755e-07,3.66354e-05
271,7.90348e-06,4.12818e-07,3.46868e-05,2.45663e-05,1.6236e-05,nan,4.60397e-05,6.2011e-06,5.40755e-07,3.66634e-05
272,0.0,4.11728e-07,3.46275e-05,2.45646e-05,6.5494e-05,nan,4.60395e-05,6.18527e-06,5.40755e-07,3.66671e-05
273,7.90332e-06,4.10925e-07,3.45769e-05,2.45625e-05,1.16175e-05,nan,4.60392e-05,6.16869e-06,5.40755e-07,3.66508e-05
274,0.0,4.12232e-07,3.45335e-05,2.45599e-05,6.42649e-05,nan,4.6039e-05,6.1518e-06,5.40755e-07,3.67081e-05
275,7.90301e-06,4.093e-07,3.44943e-05,2.45562e-05,1.2676e-05,nan,4.60387e-05,6.13489e-06,5.40755e-07,3.66746e-05
276,0.0,4.12223e-07,3.44588e-05,2.4552e-05,6.31392e-05,nan,4.60385e-05,6.11811e-06,5.40755e-07,3.66249e-05
277,7.9031e-06,4.108e-07,3.44272e-05,2.45456e-05,1.14682e-05,nan,4.60383e-05,6.10155e-06,5.40755e-07,3.67109e-05
278,0.0,4.09013e-07,3.43996e-05,2.45207e-05,6.55463e-05,nan,4.6038e-05,6.08524e-06,5.40755e-07,3.67225e-05
279,7.90284e-06,4.07821e-07,3.43761e-05,2.44952e-05,9.86942e-06,nan,4.60378e-05,6.06921e-06,5.40755e-07,3.67488e-05
